{
	"name": "dice-so-nice",
	"title": "Dice So Nice! (fenced)",
	"description": "Adds the ability to show a nice 3D dice simulation when a roll is made.",
	"version": "3.3.1",
	"minimumCoreVersion" : "0.7.2",
	"compatibleCoreVersion" : "0.7.9",
	"author": "Simone, JDW",
	"authors": [
		{
			"name": "Simone",
			"discord": "Simone [UTC +2]#6710"
		},
		{
			"name": "JDW",
			"discord": "JDW#6422",
			"reddit":"u/jidewe"
		}
	],
	"esmodules": [
		"./main.js"
	],
	"scripts": [
		"./libs/cannon.min.js"
	],
	"socket": true,
	"styles": [
		"./style.css"
	],
	"languages": [{
		"lang": "en",
		"name": "English",
		"path": "./lang/en.json"
	}, {
		"lang": "it",
		"name": "Italian",
		"path": "./lang/it.json"
	}, {
		"lang": "es",
		"name": "Español",
		"path": "./lang/es.json"
	},
	{
		"lang" : "ca",
		"name" : "Català",
		"path" : "./lang/ca.json"
	},
	{
		"lang": "cn",
		"name": "Chinese",
		"path": "./lang/cn.json"
	}, {
		"lang": "ko",
		"name": "Korean",
		"path": "./lang/ko.json"
	}, {
		"lang": "pt-BR",
		"name": "Português (Brasil)",
		"path": "./lang/pt-BR.json"
	}, {
		"lang": "fr",
		"name": "Français",
		"path": "./lang/fr.json"
	}, {
		"lang": "ja",
		"name": "日本語",
		"path": "./lang/ja.json"
	}],
	"media":[
		{
			"type":"cover",
			"link":"https://gitlab.com/riccisi/foundryvtt-dice-so-nice/-/raw/master/cover.jpg"
		},
		{
			"type":"video",
			"link":"https://gitlab.com/riccisi/foundryvtt-dice-so-nice/-/raw/master/dsnloop-360.webm",
			"loop": true
		},
		{
			"type":"video",
			"link":"https://www.youtube.com/watch?v=4b_C5R3t6iw"
		},
		{
			"type":"screenshot",
			"link":"https://gitlab.com/riccisi/foundryvtt-dice-so-nice/-/raw/master/screenshot1.jpg"
		},
		{
			"type":"screenshot",
			"link":"https://gitlab.com/riccisi/foundryvtt-dice-so-nice/-/raw/master/screenshot2.jpg"
		},
		{
			"type":"screenshot",
			"link":"https://gitlab.com/riccisi/foundryvtt-dice-so-nice/-/raw/master/screenshot3.jpg"
		},
		{
			"type":"screenshot",
			"link":"https://gitlab.com/riccisi/foundryvtt-dice-so-nice/-/raw/master/screenshot4.jpg"
		}
	],
	"url": "https://gitlab.com/riccisi/foundryvtt-dice-so-nice",
	"manifest": "https://raw.githubusercontent.com/elivox/dsn-fenced/main/module/module.json",
	"download": "https://github.com/elivox/dsn-fenced/blob/main/dsn-fenced.zip?raw=true",
	"bugs": "https://gitlab.com/riccisi/foundryvtt-dice-so-nice/-/issues",
	"readme": "https://gitlab.com/riccisi/foundryvtt-dice-so-nice/-/blob/master/README.md"
}
